Date,Open,High,Low,Close,Adj Close,Volume,OneDayMA,OneWeekMA,RollingStd,UpperBand,LowerBand
2023-01-02,87.1577,88.400002,87.1577,88.482002,88.482002,0,,,,,
2023-01-03,88.292,88.313004,87.225998,88.300003,88.300003,0,88.3910025,,,,
2023-01-04,87.219002,87.922997,87.219002,87.219002,87.219002,0,87.7595025,,,,
2023-01-05,87.580002,87.807999,86.757004,87.605003,87.605003,0,87.4120025,,,,
2023-01-06,86.819,87.614998,86.647003,86.827003,86.827003,0,87.216003,,,,
2023-01-09,85.691902,88.285004,85.691902,87.500999,87.500999,0,87.164001,,,,
2023-01-10,88.107002,88.247002,87.445999,88.124001,88.124001,0,87.8125,87.72257328571428,0.6041315211995694,88.93083632811341,86.51431024331514
2023-01-11,87.573997,87.935997,87.412003,87.582001,87.582001,0,87.853001,87.59400171428572,0.5028524339561006,88.59970658219792,86.58829684637352
2023-01-12,87.780998,88.143997,87.377998,87.805,87.805,0,87.6935005,87.523287,0.41397300383841684,88.35123300767683,86.69534099232317
2023-01-13,88.002998,88.304001,87.726997,88.011002,88.011002,0,87.90800100000001,87.63642985714286,0.4250312350453158,88.48649232723349,86.78636738705222
2023-01-16,86.944801,88.344002,86.944801,87.952003,87.952003,0,87.9815025,87.68600128571428,0.4407014824900288,88.56740425069434,86.80459832073423
2023-01-17,88.352997,88.615997,87.945999,88.352997,88.352997,0,88.1525,87.90400042857144,0.29990182394236997,88.50380407645618,87.3041967806867
2023-01-18,87.984001,88.273003,87.811996,88.003998,88.003998,0,88.17849749999999,87.97585742857143,0.2418994239147618,88.45965627640095,87.49205858074191
2023-01-19,87.860001,88.063004,87.583,87.863998,87.863998,0,87.933998,87.93871414285715,0.23523060884689864,88.40917536055095,87.46825292516336
2023-01-20,87.932999,88.029999,87.600998,87.936996,87.936996,0,87.900497,87.98942771428572,0.1764257433357767,88.34227920095728,87.63657622761417
2023-01-23,86.851303,88.801003,86.851303,87.862,87.862,0,87.899498,87.99757057142857,0.1675889590554729,88.33274848953951,87.66239265331762
2023-01-24,88.522003,88.762001,88.417999,88.541,88.541,0,88.2015,88.07328457142857,0.2656825258260348,88.60464962308065,87.5419195197765
2023-01-25,88.792999,89.080002,88.490997,88.767998,88.767998,0,88.654499,88.1898552857143,0.3643074789793133,88.91847024367293,87.46124032775568
2023-01-26,88.938004,88.992996,88.364998,88.955002,88.955002,0,88.8615,88.27585599999999,0.4660795802721827,89.20801516054435,87.34369683945563
2023-01-27,88.663002,88.760002,88.323997,88.641998,88.641998,0,88.79849999999999,88.36699885714286,0.46643775933898673,89.29987437582083,87.43412333846489
2023-01-30,87.681198,88.865997,87.681198,88.518997,88.518997,0,88.5804975,88.46057014285715,0.4111345227126743,89.2828391882825,87.6383010974318
2023-01-31,88.372002,88.754997,88.372002,88.375,88.375,0,88.4469985,88.52314214285714,0.3464041845852621,89.21595051202766,87.83033377368662
2023-02-01,88.721001,89.233002,88.650002,88.736,88.736,0,88.5555,88.64799928571429,0.1910713418323546,89.030141969379,88.26585660204958
2023-02-02,89.959999,90.361,89.386002,89.946999,89.946999,0,89.3414995,88.84885628571429,0.5184265000051869,89.88570928572466,87.81200328570392
2023-02-03,89.383003,89.626999,88.797997,89.390999,89.390999,0,89.668999,88.93785642857142,0.554456144603291,90.04676871777801,87.82894413936484
2023-02-06,88.431999,89.099998,88.431999,88.690002,88.690002,0,89.04050050000001,88.8999992857143,0.562084721077967,90.02416872787023,87.77582984355837
2023-02-07,88.685997,88.790001,88.332001,88.704002,88.704002,0,88.697002,88.908857,0.5578136577861146,90.02448431557222,87.79322968442777
2023-02-08,88.844002,88.873001,88.428001,88.831001,88.831001,0,88.76750150000001,88.95342900000001,0.533401124190222,90.02023124838045,87.88662675161957
2023-02-09,88.489998,88.931,88.457001,88.498001,88.498001,0,88.664501,88.97100057142858,0.5127984968143053,89.99659756505719,87.94540357779996
2023-02-10,88.554001,88.580002,87.931,88.563004,88.563004,0,88.53050250000001,88.94628685714285,0.5298953277172126,90.00607751257728,87.88649620170843
2023-02-13,87.278198,88.541,87.278198,88.026001,88.026001,0,88.2945025,88.67185857142856,0.40887231666578955,89.48960320476014,87.85411393809697
2023-02-14,88.563004,89.299004,88.522003,88.546997,88.546997,0,88.28649899999999,88.55128685714286,0.2581098332193055,89.06750652358147,88.03506719070424
2023-02-15,88.929001,88.996002,88.274002,88.929001,88.929001,0,88.737999,88.58542957142858,0.29297045479930006,89.17137048102718,87.99948866182997
2023-02-16,88.420998,88.550003,88.156998,88.403999,88.403999,0,88.6665,88.54257199999999,0.29467223479150656,89.131916469583,87.95322753041698
2023-02-17,88.111,88.304001,87.824997,88.132004,88.132004,0,88.2680015,88.44271528571429,0.29904448013897034,89.04080424599222,87.84462632543635
2023-02-20,86.986603,88.415001,86.985603,88.432999,88.432999,0,88.2825015,88.4334292857143,0.2980491833130672,89.02952765234043,87.83733091908816
2023-02-21,88.250999,88.459999,88.052002,88.257004,88.257004,0,88.3450015,88.389715,0.29831739179104416,88.98634978358209,87.7930802164179
2023-02-22,88.176003,88.276001,87.862,88.184998,88.184998,0,88.221001,88.41242885714284,0.27079184460237293,88.95401254634758,87.8708451679381
2023-02-23,87.791,87.886002,87.324997,87.775002,87.775002,0,87.97999999999999,88.30214385714285,0.35190772540039894,89.00595930794366,87.59832840634205
2023-02-24,87.477997,87.654999,87.250999,87.486,87.486,0,87.63050100000001,88.09600085714285,0.34609985217102673,88.78820056148491,87.4038011528008
2023-02-27,86.549202,87.665001,86.549202,87.370003,87.370003,0,87.4280015,87.94828714285714,0.40787769590340084,88.76404253466394,87.13253175105034
2023-02-28,87.613998,87.823997,87.432999,87.606003,87.606003,0,87.48800299999999,87.87314414285713,0.4167466349799733,88.70663741281707,87.03965087289718
2023-03-01,87.324997,88.055,87.203003,87.341003,87.341003,0,87.473503,87.71714471428571,0.37448910296904137,88.4661229202238,86.96816650834762
2023-03-02,87.836998,88.0,87.240997,87.853996,87.853996,0,87.5974995,87.65957214285716,0.30153235001095424,88.26263684287906,87.05650744283525
2023-03-03,87.216003,87.352997,86.538002,87.216003,87.216003,0,87.5349995,87.5211442857143,0.23525727063768256,87.99165882698966,87.05062974443894
2023-03-06,85.972099,87.392998,85.972099,86.816002,86.816002,0,87.0160025,87.38414428571427,0.3249294293451418,88.03400314440455,86.73428542702399
2023-03-07,87.338997,87.435997,86.476997,87.348,87.348,0,87.08200099999999,87.36443,0.3218918182029294,88.00821363640586,86.72064636359414
2023-03-08,86.447998,86.615997,86.179001,86.440002,86.440002,0,86.894001,87.2315727142857,0.4748095611293975,88.1811918365445,86.28195359202691
2023-03-09,86.383003,86.775002,86.220001,86.383003,86.383003,0,86.41150250000001,87.05685842857143,0.5352354101629225,88.12732924889728,85.98638760824558
2023-03-10,86.751999,87.535004,86.718002,86.735001,86.735001,0,86.55900199999999,86.97028671428572,0.5306054875654399,88.0314976894166,85.90907573915484
2023-03-13,85.848602,88.161003,85.848602,87.125999,87.125999,0,86.9305,86.86628714285713,0.37789900301332496,87.62208514888378,86.11048913683048
2023-03-14,88.129997,88.486,87.910004,88.138,88.138,0,87.6319995,86.99800100000002,0.6096937165511795,88.21738843310237,85.77861356689766
2023-03-15,88.160004,88.539001,87.064003,88.168999,88.168999,0,88.15349950000001,87.1912862857143,0.7424011534989431,88.67608859271219,85.7064839787164
2023-03-16,87.620003,87.832001,87.359001,87.665001,87.665001,0,87.917,87.23657214285713,0.7629381382288695,88.76244841931486,85.71069586639939
2023-03-17,87.615997,87.974998,87.593002,87.615997,87.615997,0,87.640499,87.40457142857143,0.6836568981474641,88.77188522486635,86.0372576322765
2023-03-20,86.787003,88.485001,86.787003,87.942001,87.942001,0,87.778999,87.62728542857143,0.5326566022820085,88.69259863313545,86.5619722240074
2023-03-21,88.367996,89.083,88.334999,88.367996,88.367996,0,88.1549985,87.86057042857144,0.4230574717276785,88.7066853720268,87.01445548511607
2023-03-22,88.987999,89.156998,88.883003,88.996002,88.996002,0,88.681999,88.12771371428572,0.4697369246566694,89.06718756359906,87.18823986497237
2023-03-23,89.615997,89.745003,89.279999,89.625,89.625,0,89.310501,88.34014228571428,0.7359569505430161,89.8120561868003,86.86822838462825
2023-03-24,89.038002,89.056,88.308998,89.045998,89.045998,0,89.335499,88.46542785714284,0.7755495624182567,90.01652698197935,86.91432873230633
2023-03-27,88.529999,88.771004,88.473,88.526001,88.526001,0,88.7859995,88.58842785714286,0.6911277854110298,89.97068342796491,87.20617228632081
2023-03-28,88.745003,89.029999,88.690002,88.753998,88.753998,0,88.63999949999999,88.75099942857143,0.5420225678001166,89.83504456417167,87.6669542929712
2023-03-29,89.018997,89.360001,88.907997,88.982002,88.982002,0,88.868,88.89957100000001,0.40969499462935877,89.71896098925873,88.08018101074128
2023-03-30,89.039001,89.596001,88.906998,89.055,89.055,0,89.018501,88.99771442857141,0.3369622128072702,89.67163885418596,88.32379000295687
2023-03-31,89.458,89.609001,89.123001,89.442001,89.442001,0,89.2485005,89.06142857142856,0.37643777225898456,89.81430411594653,88.3085530269106
2023-04-03,88.871002,89.666,88.857002,89.026001,89.026001,0,89.234001,88.97585728571428,0.2836128880015698,89.54308306171743,88.40863150971114
2023-04-04,89.597,90.011002,89.392998,89.597,89.597,0,89.3115005,89.05457185714285,0.36971707355467426,89.7940060042522,88.3151377100335
2023-04-05,89.888,89.990997,89.292999,89.896004,89.896004,0,89.74650199999999,89.25028657142856,0.4042761929596967,90.05883895734796,88.44173418550916
2023-04-06,89.278,89.382004,89.084999,89.278,89.278,0,89.58700200000001,89.325144,0.3405573096338372,90.00625861926767,88.64402938073232
2023-04-07,89.305,89.315002,88.290001,89.305,89.305,0,89.29150000000001,89.37128657142857,0.306493903461922,89.98427437835241,88.75829876450473
2023-04-10,89.306,89.306,88.289001,89.306,89.306,0,89.3055,89.40714371428571,0.2765429669574244,89.96022964820055,88.85405778037087
2023-04-11,88.317001,89.628998,88.317001,88.317001,88.317001,0,88.8115005,89.24642942857143,0.4941741614646773,90.23477775150079,88.25808110564208
2023-04-12,89.508003,90.100998,89.499001,89.515999,89.515999,0,88.9165,89.31642914285715,0.4924476203741641,90.30132438360548,88.33153390210882
2023-04-13,90.042999,90.292999,89.926003,90.059998,90.059998,0,89.78799849999999,89.38257171428572,0.5625209202067732,90.50761355469926,88.25752987387217
2023-04-14,90.163002,90.387001,89.821999,90.186996,90.186996,0,90.12349699999999,89.424142,0.6150837087847231,90.65430941756945,88.19397458243056
2023-04-17,89.958,90.024002,89.392998,89.907997,89.907997,0,90.0474965,89.51414157142858,0.6358755813487896,90.78589273412616,88.242390408731
2023-04-18,89.517998,90.011002,89.462997,89.511002,89.511002,0,89.70949949999999,89.54357042857143,0.6293162673772736,90.80220296332598,88.28493789381687
2023-04-19,90.046997,90.105003,89.727997,90.029999,90.029999,0,89.7705005,89.64699885714286,0.6431076573984572,90.93321417193978,88.36078354234594
2023-04-20,90.099998,90.141998,89.783997,90.098,90.098,0,90.0639995,89.90142728571429,0.2777576005632483,90.45694248684079,89.3459120845878
2023-04-21,90.011002,90.132004,89.775002,90.011002,90.011002,0,90.054501,89.97214199999999,0.22035704621156724,90.41285609242313,89.53142790757686
2023-04-24,89.068901,90.333,89.068901,90.089996,90.089996,0,90.050499,89.97642742857144,0.2226303742320588,90.42168817703556,89.53116668010732
2023-04-25,90.519997,90.616997,89.890999,90.519997,90.519997,0,90.3049965,90.023999,0.2979577923231655,90.61991458464634,89.42808341535367
2023-04-26,89.936996,90.619003,89.861,89.936996,89.936996,0,90.2284965,90.0281417142857,0.2962729595800688,90.62068763344583,89.43559579512556
2023-04-27,90.220001,90.328003,89.889,90.227997,90.227997,0,90.08249649999999,90.13056957142858,0.19396494063548986,90.51849945269956,89.7426396901576
2023-04-28,90.125999,90.246002,89.581001,90.119003,90.119003,0,90.1735,90.14328442857143,0.18913049364851528,90.52154541586846,89.76502344127441
2023-05-01,88.852997,88.852997,88.852997,89.976997,89.976997,0,90.048,90.1259982857143,0.19921981831304053,90.52443792234038,89.72755864908822
2023-05-02,88.852997,90.018997,88.852997,88.852997,88.852997,0,89.414997,89.96056899999999,0.5250192700829341,91.01060754016586,88.91053045983412
2023-05-03,89.964996,90.335999,89.916,89.948997,89.948997,0,89.400997,89.94042628571427,0.5219217476521923,90.98426978101865,88.89658279040988
2023-05-04,90.442001,90.584999,89.774002,90.454002,90.454002,0,90.20149950000001,89.93099842857143,0.5101714538675854,90.9513413363066,88.91065552083626
2023-05-05,89.987,90.189003,89.642998,89.996002,89.996002,0,90.225002,89.93942785714286,0.5107741804720468,90.96097621808696,88.91787949619876
2023-05-08,89.047997,90.303001,89.047997,89.972,89.972,0,89.984001,89.90285685714285,0.4956087685219914,90.89407439418683,88.91163932009887
2023-05-09,89.856003,90.148003,89.788002,89.845001,89.845001,0,89.9085005,89.86371371428571,0.4864276503790729,90.83656901504385,88.89085841352757
2023-05-10,89.956001,90.060997,89.676003,89.940002,89.940002,0,89.89250150000001,89.85842871428572,0.4851911024637317,90.82881091921318,88.88804650935826
2023-05-11,89.901001,90.007004,89.449997,89.903999,89.903999,0,89.9220005,90.00857185714287,0.20242093554416624,90.4134137282312,89.60372998605453
2023-05-12,89.524002,89.751999,89.149002,89.513,89.513,0,89.7084995,89.94628657142857,0.2771075348284587,90.50050164108549,89.39207150177165
2023-05-15,88.630997,89.519997,88.630997,89.098,89.098,0,89.3055,89.752572,0.3316296427548565,90.41583128550971,89.08931271449029
2023-05-16,89.385002,89.564003,89.260002,89.367996,89.367996,0,89.23299800000001,89.66285685714286,0.339648888950788,90.34215463504444,88.98355907924127
2023-05-17,89.346001,89.433998,89.023003,89.330002,89.330002,0,89.34899899999999,89.57114285714286,0.3287630542830017,90.22866896570886,88.91361674857686
2023-05-18,89.236,89.345001,88.996002,89.278999,89.278999,0,89.30450049999999,89.49028542857143,0.3196600172421992,90.12960546305582,88.85096539408703
2023-05-19,89.065002,89.628998,88.940002,89.056,89.056,0,89.16749949999999,89.36399942857143,0.2851364942209168,89.93427241701326,88.7937264401296
2023-05-22,88.2342,89.646004,88.2342,89.498001,89.498001,0,89.2770005,89.3059997142857,0.17824423226817637,89.66248817882206,88.94951124974935
2023-05-23,89.466003,89.544998,89.094002,89.446999,89.446999,0,89.4725,89.29657099999999,0.16685093833308826,89.63027287666617,88.9628691233338
2023-05-24,89.133003,89.223,88.818001,89.125,89.125,0,89.2859995,89.30042814285714,0.16172890737210663,89.62388595760136,88.97697032811293
2023-05-25,88.829002,88.829002,88.581001,88.837997,88.837997,0,88.9814985,89.22471400000002,0.2331259185660984,89.69096583713221,88.75846216286783
2023-05-26,88.651001,88.810997,88.325996,88.651001,88.651001,0,88.74449899999999,89.12771385714287,0.3104523615813179,89.7486185803055,88.50680913398023
2023-05-29,87.760101,88.648003,87.760101,87.760101,87.760101,0,88.205551,88.91072842857143,0.5910700764933521,90.09286858155814,87.72858827558473
2023-05-30,88.374001,88.745003,88.250999,88.374001,88.374001,0,88.067051,88.8133,0.6186961322293472,90.05069226445869,87.5759077355413
2023-05-31,88.656998,88.674004,88.003998,88.666,88.666,0,88.52000050000001,88.69444271428573,0.5401700155569279,89.77478274539958,87.61410268317188
2023-06-01,88.316002,88.439003,87.885002,88.322998,88.322998,0,88.49449899999999,88.53387114285715,0.4362433342348225,89.4063578113268,87.6613844743875
2023-06-02,88.466003,88.630997,88.196999,88.449997,88.449997,0,88.38649749999999,88.43744214285714,0.34984786259929934,89.13713786805573,87.73774641765854
2023-06-05,87.5868,88.426003,87.5868,88.135002,88.135002,0,88.29249949999999,88.33701428571428,0.3148509506603233,88.96671618703492,87.70731238439363
2023-06-06,88.306,88.603996,88.032997,88.297997,88.297997,0,88.2164995,88.28658514285713,0.28281906155751463,88.85222326597217,87.7209470197421
2023-06-07,88.207001,88.519997,87.984001,88.190002,88.190002,0,88.2439995,88.34799957142857,0.17590734115274437,88.69981425373406,87.99618488912309
2023-06-08,88.387001,88.888,88.269997,88.378998,88.378998,0,88.28450000000001,88.34871342857143,0.17604053376545992,88.70079449610235,87.99663236104051
2023-06-09,88.888,88.912003,88.515999,88.900002,88.900002,0,88.6395,88.38214228571428,0.2521135717358083,88.88636942918589,87.87791514224267
2023-06-12,87.732697,88.863998,87.732697,88.540001,88.540001,0,88.7200015,88.41314271428571,0.2569246515557796,88.92699201739727,87.89929341117416
2023-06-13,88.619003,88.977997,88.598999,88.623001,88.623001,0,88.581501,88.43785757142858,0.2690935871974241,88.97604474582343,87.89967039703373
2023-06-14,88.649002,88.921997,88.498001,88.653,88.653,0,88.6380005,88.5118572857143,0.24176476702587743,88.99538681976605,88.02832775166254
2023-06-15,88.873001,89.565002,88.694,88.880997,88.880997,0,88.7669985,88.59514300000001,0.2558233605697212,89.10678972113945,88.08349627886057
2023-06-16,89.578003,89.769997,89.385002,89.586998,89.586998,0,89.23399749999999,88.79471385714285,0.3944428502918548,89.58359955772656,88.00582815655915
2023-06-19,88.610603,89.616997,88.610603,89.558998,89.558998,0,89.572998,88.96328528571428,0.43701778459366103,89.8373208549016,88.08924971652695
2023-06-20,89.396004,89.769997,89.305,89.403999,89.403999,0,89.4814985,89.03528485714286,0.4654466492904777,89.96617815572381,88.1043915585619
2023-06-21,89.446999,89.807999,89.389999,89.455002,89.455002,0,89.42950049999999,89.16599928571429,0.4303285659468182,90.02665641760792,88.30534215382066
2023-06-22,89.963997,90.169998,89.654999,89.988998,89.988998,0,89.722,89.36114171428571,0.452218940603852,90.2655795954934,88.45670383307801
2023-06-23,89.703003,89.726997,88.894997,89.723,89.723,0,89.855999,89.51399885714285,0.3398360903967275,90.19367103793631,88.83432667634939
2023-06-26,88.091599,89.502998,88.090599,89.224998,89.224998,0,89.47399899999999,89.56314185714284,0.24455957459510405,90.05226100633304,89.07402270795264
2023-06-27,89.369003,89.897003,89.337997,89.380997,89.380997,0,89.3029975,89.53371314285714,0.25344348548766177,90.04060011383247,89.02682617188181
2023-06-28,89.775002,89.852997,89.348,89.778999,89.778999,0,89.57999799999999,89.56514185714286,0.27018915632041773,90.1055201697837,89.02476354450202
2023-06-29,89.463997,89.656998,89.099998,89.480003,89.480003,0,89.629501,89.57599957142858,0.2640926150771425,90.10418480158286,89.0478143412743
2023-06-30,89.126999,89.586998,88.843002,89.102997,89.102997,0,89.2915,89.52571314285714,0.31881535984192055,90.16334386254098,88.8880824231733
2023-07-03,88.013,89.477997,88.012001,88.013,88.013,0,88.5579985,89.24342771428573,0.5952215488727919,90.43387081203132,88.05298461654014
2023-07-04,89.335999,89.380997,89.216003,89.351997,89.351997,0,88.68249850000001,89.19042728571428,0.5609317468921852,90.31229077949865,88.0685637919299
2023-07-05,89.143997,89.584,89.083,89.124001,89.124001,0,89.237999,89.17599914285715,0.561193173222989,90.29838548930313,88.05361279641117
2023-07-06,89.366997,89.954002,89.191002,89.359001,89.359001,0,89.241501,89.17285685714285,0.5599141461867951,90.29268514951644,88.05302856476925
2023-07-07,90.043999,90.517998,89.847,90.069,90.069,0,89.7140005,89.21428557142858,0.619767829267732,90.45382122996403,87.97474991289312
2023-07-10,89.149002,90.714996,89.149002,89.149002,89.149002,0,89.609001,89.16699971428571,0.6086429577378267,90.38428562976137,87.94971379881005
2023-07-11,90.731003,90.818001,90.421997,90.747002,90.747002,0,89.948002,89.40185757142856,0.849399874815309,91.10065732105919,87.70305782179794
2023-07-12,90.658997,91.175003,90.553001,90.675003,90.675003,0,90.7110025,89.78214371428571,0.7081115683576592,91.19836685100103,88.36592057757039
2023-07-13,91.296997,91.823997,91.249001,91.238998,91.238998,0,90.95700049999999,90.05171528571428,0.8599659245756848,91.77164713486565,88.33178343656292
2023-07-14,92.021004,92.301003,91.922997,92.004997,92.004997,0,91.62199749999999,90.46328614285713,1.0170357265838532,92.49735759602484,88.42921468968942
2023-07-17,92.084,92.264999,91.144699,92.084,92.084,0,92.0444985,90.85257171428573,1.0450386716951823,92.94264905767609,88.76249437089537
2023-07-18,92.124001,92.376999,91.982002,92.133003,92.133003,0,92.1085015,91.1474292857143,1.077772988314083,93.30297526234246,88.99188330908613
2023-07-19,92.070999,92.204002,91.620003,92.064003,92.064003,0,92.098503,91.563858,0.6585430035183262,92.88094400703665,90.24677199296335
2023-07-20,91.871002,92.053001,91.283997,91.855003,91.855003,0,91.959503,91.72214385714287,0.5544072094268165,92.8309582759965,90.61332943828924
2023-07-21,91.291,91.362,91.064003,91.315002,91.315002,0,91.5850025,91.81357228571427,0.3774808024851975,92.56853389068466,91.05861068074388
2023-07-24,90.222099,91.178001,90.222099,90.222099,90.222099,0,90.7685505,91.66830100000001,0.6964045665219434,93.0611101330439,90.27549186695613
2023-07-25,90.446999,90.601997,90.174004,90.431,90.431,0,90.3265495,91.44344428571428,0.8137876152192093,93.0710195161527,89.81586905527585
2023-07-26,90.377998,90.833,90.295998,90.370003,90.370003,0,90.40050149999999,91.19858757142856,0.8461464208556707,92.8908804131399,89.50629472971723
2023-07-27,90.718002,91.268997,90.078003,90.709999,90.709999,0,90.54000099999999,90.99530128571429,0.7496768186384021,92.49465492299109,89.4959476484375
2023-07-28,90.125999,90.761002,90.015999,90.128998,90.128998,0,90.4194985,90.718872,0.6384301023005835,91.99573220460117,89.44201179539884
2023-07-31,89.389999,90.783997,89.389999,89.389999,89.389999,0,89.7594985,90.36672857142857,0.5848978278449918,91.53652422711855,89.19693291573859
2023-08-01,90.357002,90.434998,90.084,90.355003,90.355003,0,89.872501,90.22958585714287,0.41269256903612184,91.05497099521511,89.40420071907062
2023-08-02,90.502998,90.708,90.334999,90.526001,90.526001,0,90.440502,90.27300042857142,0.4274932841625858,91.1279869968966,89.41801386024625
2023-08-03,90.452003,90.652,90.230003,90.392998,90.392998,0,90.45949949999999,90.26757157142858,0.42538850736173717,91.11834858615205,89.4167945567051
2023-08-04,90.579002,91.232002,90.496002,90.574997,90.574997,0,90.4839975,90.29685642857143,0.4404064921071392,91.1776694127857,89.41604344435716
2023-08-07,89.615997,91.021004,89.615997,89.615997,89.615997,0,90.095497,90.14057042857142,0.4628989901185464,91.06636840880851,89.21477244833433
2023-08-08,91.033997,91.073997,90.530998,90.966003,90.966003,0,90.291,90.26014257142856,0.5577895926118686,91.3757217566523,89.14456338620482
2023-08-09,90.667,91.028,90.667,90.667,90.667,0,90.8165015,90.44257128571428,0.41677269173785736,91.27611666918999,89.60902590223857
2023-08-10,90.875999,91.280998,90.780998,90.885002,90.885002,0,90.77600100000001,90.51828542857142,0.4453734709489803,91.40903237046938,89.62753848667346
2023-08-11,90.870003,91.019997,90.662003,90.875,90.875,0,90.880001,90.56814242857142,0.4654622942184986,91.49906701700841,89.63721784013443
2023-08-14,90.086098,90.954002,90.086098,90.086098,90.086098,0,90.480549,90.52429957142856,0.49802389022931565,91.52034735188718,89.52825179096993
2023-08-15,90.684998,91.142998,90.609001,90.646004,90.646004,0,90.366051,90.53444342857144,0.49994803483976535,91.53433949825097,89.5345473588919
2023-08-16,90.635002,92.514,90.556,90.642998,90.642998,0,90.644501,90.68115785714288,0.2936132981792316,91.26838445350134,90.09393126078442
2023-08-17,90.490997,90.571999,90.110001,90.490997,90.490997,0,90.5669975,90.61329985714288,0.2708148359544031,91.15492952905169,90.07167018523407
2023-08-18,90.306,90.349998,90.306,90.306,90.306,0,90.39849849999999,90.56172842857143,0.2923970654723002,91.14652255951603,89.97693429762683
2023-08-21,89.319,90.608002,89.319,90.305,90.305,0,90.3055,90.47887100000001,0.2665590844906912,91.0119891689814,89.94575283101862
2023-08-22,90.492996,90.698997,89.862999,90.480003,90.480003,0,90.39250150000001,90.42244285714287,0.20294359757738298,90.82833005229763,90.01655566198811
2023-08-23,90.042999,90.084,89.242996,90.031998,90.031998,0,90.2560005,90.41471428571428,0.21833377758776917,90.85138184088981,89.97804673053875
2023-08-24,89.602997,89.681,89.289001,89.597,89.597,0,89.814499,90.26485657142857,0.3521311805810997,90.96911893259076,89.56059421026637
2023-08-25,89.169998,89.405998,88.945,89.162003,89.162003,0,89.3795015,90.05328585714285,0.5006559197745138,91.05459769669189,89.05197401759382
2023-08-28,88.3125,89.339996,88.3125,89.026001,89.026001,0,89.09400199999999,89.84400071428571,0.5860971671460855,91.01619504857788,88.67180637999354
2023-08-29,89.447998,89.598,89.179001,89.436996,89.436996,0,89.23149849999999,89.71985728571428,0.5635287182075561,90.8469147221294,88.59279984929917
2023-08-30,89.602997,90.316002,89.574997,89.595001,89.595001,0,89.5159985,89.61842885714285,0.5010939217703669,90.62061670068358,88.6162410136021
2023-08-31,90.310997,90.329002,89.540001,90.32,90.32,0,89.9575005,89.59557128571429,0.4569473885579876,90.50946606283026,88.68167650859831
2023-09-01,89.552002,89.818001,89.117996,89.554001,89.554001,0,89.9370005,89.527286,0.41461330286108966,90.35651260572219,88.69805939427782
2023-09-04,88.750702,89.300003,88.750702,88.750702,88.750702,0,89.15235150000001,89.40638628571428,0.5045345423119547,90.41545537033818,88.39731720109037
2023-09-05,89.221001,89.313004,88.870003,89.222,89.222,0,88.986351,89.41495728571428,0.5001818842600513,90.41532105423438,88.41459351719418
2023-09-06,89.041,89.269997,88.904999,89.037003,89.037003,0,89.1295015,89.416529,0.49877126720641896,90.41407153441284,88.41898646558715
2023-09-07,89.179001,89.259003,88.849998,89.179001,89.179001,0,89.108002,89.37967257142857,0.5064794402457461,90.39263145192007,88.36671369093708
2023-09-08,88.858002,89.124001,88.676003,88.858002,88.858002,0,89.0185015,89.274387,0.5302997630956912,90.33498652619139,88.21378747380862
2023-09-11,87.809303,89.093002,87.809303,87.809303,87.809303,0,88.3336525,88.915716,0.5537685151209883,90.02325303024197,87.80817896975803
2023-09-12,89.065002,89.155998,88.689003,89.091003,89.091003,0,88.450153,88.84957342857142,0.48864631430334987,89.82686605717812,87.87228079996471
2023-09-13,89.014999,89.162003,88.873001,89.007004,89.007004,0,89.0490035,88.88618800000002,0.489604561600448,89.86539712320092,87.90697887679912
2023-09-14,88.959999,89.098999,88.392998,88.971001,88.971001,0,88.9890025,88.850331,0.469698349106775,89.78972769821355,87.91093430178644
2023-09-15,88.217003,88.712997,88.217003,88.227997,88.227997,0,88.59949900000001,88.73475871428572,0.5135909095634281,89.76194053341257,87.70757689515887
2023-09-18,87.463799,88.987999,87.463799,88.503998,88.503998,0,88.36599749999999,88.63832971428573,0.4784459511221528,89.59522161653004,87.68143781204142
2023-09-19,88.938004,89.094002,88.836998,88.962997,88.962997,0,88.7334975,88.653329,0.4880302675329457,89.6293895350659,87.6772684649341
2023-09-20,88.795998,88.932999,88.713997,88.791,88.791,0,88.8769985,88.79357142857143,0.3156842030504183,89.42493983467226,88.16220302247059
2023-09-21,88.382004,88.633003,88.185997,88.417999,88.417999,0,88.6044995,88.69742799999999,0.3124695435162945,89.32236708703257,88.0724889129674
2023-09-22,88.278999,88.410004,87.920998,88.277,88.277,0,88.3474995,88.59314171428572,0.31374519689365915,89.22063210807303,87.96565132049841
2023-09-25,87.178596,88.519997,87.178596,88.375,88.375,0,88.326,88.5079987142857,0.272237379876149,89.05247347403801,87.9635239545334
2023-09-26,87.870003,88.25,87.850998,87.862,87.862,0,88.1185,88.45571342857143,0.35694450249098875,89.16960243355341,87.74182442358945
2023-09-27,87.977997,87.977997,87.358002,87.956001,87.956001,0,87.90900049999999,88.37742814285714,0.4018576192439156,89.18114338134497,87.57371290436932
2023-09-28,87.392998,87.860001,87.214996,87.392998,87.392998,0,87.6744995,88.15314257142857,0.4551594910429831,89.06346155351454,87.2428235893426
2023-09-29,87.808998,88.101997,87.738998,87.797997,87.797997,0,87.5954975,88.01128500000002,0.3700050129028106,88.75129502580563,87.2712749741944
2023-10-02,87.102997,88.000999,87.102997,87.102997,87.102997,0,87.450497,87.82342757142858,0.4534975516841021,88.73042267479678,86.91643246806038
2023-10-03,87.116997,87.200996,86.875999,87.116997,87.116997,0,87.10999699999999,87.65771285714285,0.47170732714150304,88.60112751142586,86.71429820285985
2023-10-04,87.054001,87.591003,86.958,87.055,87.055,0,87.0859985,87.46914142857143,0.3947350318075455,88.25861149218652,86.67967136495635
2023-10-05,87.417999,88.902,87.318001,87.417999,87.417999,0,87.23649950000001,87.40571271428573,0.3547322347678387,88.1151771838214,86.69624824475005
2023-10-06,87.832001,88.000999,87.227997,87.830002,87.830002,0,87.6240005,87.38771285714286,0.3240231439464685,88.0357591450358,86.73966656924992
2023-10-09,86.8479,87.884003,86.8479,87.93,87.93,0,87.880001,87.46442742857143,0.3835790924882415,88.2315856135479,86.69726924359495
2023-10-10,88.025002,88.216003,87.760002,88.013,88.013,0,87.9715,87.49514214285715,0.42147696113188043,88.33809606512091,86.65218822059339
2023-10-11,88.294998,88.307999,88.042,88.197998,88.197998,0,88.10549900000001,87.65157085714286,0.45365109883989363,88.55887305482264,86.74426865946307
2023-10-12,88.222,88.392998,87.725998,88.319,88.319,0,88.258499,87.82328557142857,0.4449881584849136,88.71326188839839,86.93330925445875
2023-10-13,87.639,87.806,87.309998,87.646004,87.646004,0,87.98250200000001,87.9077147142857,0.3107396665775892,88.52919404744088,87.28623538113052
2023-10-16,86.558197,87.728996,86.558197,86.558197,86.558197,0,87.1021005,87.78488585714285,0.5852524990167179,88.95539085517629,86.61438085910942
2023-10-17,86.707001,88.079002,85.975998,87.749001,87.749001,0,87.15359900000001,87.77331428571429,0.5850125174444917,88.94333932060327,86.60328925082531
2023-10-18,87.954002,88.115997,87.597,87.947998,87.947998,0,87.8484995,87.77588542857143,0.5858548718108054,88.94759517219303,86.60417568494982
2023-10-19,87.612,87.879997,87.235001,87.641998,87.641998,0,87.79499799999999,87.72288514285717,0.577551570062777,88.87798828298271,86.56778200273162
2023-10-20,87.910004,88.037003,87.690002,87.901001,87.901001,0,87.7714995,87.680457,0.546928834019415,88.77431466803884,86.58659933196117
2023-10-23,86.986702,88.379997,86.986702,88.042,88.042,0,87.97150049999999,87.64088557142858,0.5011323493144861,88.64315027005756,86.6386208727996
2023-10-24,88.484001,88.699997,87.810997,88.484001,88.484001,0,88.2630005,87.76059942857141,0.5940397522636509,88.9486789330987,86.57251992404412
2023-10-25,87.858002,88.079002,85.970001,87.858002,87.858002,0,88.1710015,87.94628585714285,0.2706962861504647,88.48767842944379,87.40489328484192
2023-10-26,87.793999,87.806,87.557999,87.942001,87.942001,0,87.9000015,87.97385728571429,0.256721196191024,88.48729967809633,87.46041489333224
2023-10-27,87.907997,88.163002,87.620003,87.900002,87.900002,0,87.9210015,87.96700071428572,0.25816385236592804,88.48332841901757,87.45067300955387
2023-10-30,86.858002,88.396004,86.858002,86.858002,86.858002,0,87.379002,87.8550012857143,0.4892742462059653,88.83354977812623,86.87645279330236
2023-10-31,88.289001,88.734001,87.921997,88.286003,88.286003,0,87.5720025,87.91000157142857,0.5162052259849083,88.94241202339838,86.87759111945876
2023-11-01,87.983002,88.021004,87.560997,87.983002,87.983002,0,88.1345025,87.90157328571429,0.5141684609526488,88.92991020761959,86.873236363809
2023-11-02,88.072998,88.671997,88.028,88.046997,88.046997,0,88.0149995,87.83914414285714,0.45476357714639726,88.74867129714993,86.92961698856435
2023-11-03,88.291,89.185997,88.288002,88.293999,88.293999,0,88.17049800000001,87.90142942857142,0.48652519482016116,88.87447981821174,86.9283790389311
2023-11-06,87.610802,89.410004,87.610802,89.109001,89.109001,0,88.70150000000001,88.06814371428571,0.6686139976915567,89.40537170966883,86.7309157189026
2023-11-07,89.129997,89.129997,88.726997,89.122002,89.122002,0,89.1155015,88.24271514285715,0.7693381822521163,89.78139150736138,86.70403877835292
2023-11-08,88.93,89.094002,88.684998,88.949997,88.949997,0,89.0359995,88.54157157142856,0.5014808762021411,89.54453332383285,87.53860981902427
2023-11-09,89.072998,89.220001,88.894997,89.050003,89.050003,0,89.0,88.65071442857143,0.5194067922766625,89.68952801312476,87.61190084401811
2023-11-10,88.731003,89.037003,88.717003,88.737999,88.737999,0,88.894001,88.75857114285714,0.42798903969687707,89.61454922225089,87.90259306346339
2023-11-13,87.935204,89.066002,87.935204,87.935204,87.935204,0,88.3366015,88.74260071428571,0.45986556326034383,89.6623318408064,87.82286958776503
2023-11-14,88.931,90.028,88.829002,88.940002,88.940002,0,88.437603,88.83488685714285,0.4177249218552663,89.67033670085338,87.99943701343231
2023-11-15,90.166,90.359001,90.014,90.166,90.166,0,89.553001,88.98588671428571,0.6562623458910394,90.29841140606779,87.67336202250364
2023-11-16,90.125999,90.572998,89.995003,90.125999,90.125999,0,90.14599949999999,89.12931485714284,0.7875498743671042,90.70441460587705,87.55421510840864
2023-11-17,92.009003,92.009003,90.067001,90.130997,90.130997,0,90.128498,89.29802914285713,0.8653871462813423,91.02880343541982,87.56725485029445
2023-11-20,89.473198,91.143997,89.473198,89.473198,89.473198,0,89.8020975,89.35848557142856,0.859937185727019,91.0783599428826,87.63861119997452
2023-11-21,91.117996,91.322998,90.882004,91.117996,91.117996,0,90.295597,89.69848514285715,1.0278316320701346,91.75414840699742,87.64282187871689
2023-11-22,90.825996,90.903,90.365997,90.825996,90.825996,0,90.971996,90.11145542857142,0.7423988516225137,91.59625313181644,88.6266577253264
2023-11-23,90.893997,90.978996,90.497002,90.883003,90.883003,0,90.8544995,90.38902699999998,0.5759914652363737,91.54100993047273,89.23704406952724
2023-11-24,90.803001,91.150002,90.721001,90.803001,90.803001,0,90.843002,90.48002714285714,0.5851300789992088,91.65028730085555,89.30976698485873
2023-11-27,89.983299,91.308998,89.983299,91.098,91.098,0,90.9505005,90.61888442857143,0.6021971385070654,91.82327870558557,89.4144901515573
2023-11-28,91.195999,91.651001,91.084,91.195999,91.195999,0,91.14699949999999,90.77102757142856,0.592852243526241,91.95673205848104,89.58532308437609
2023-11-29,91.563004,91.730003,91.268997,91.563004,91.563004,0,91.3795015,91.0695712857143,0.2670235062955671,91.60361829830543,90.53552427312317
2023-11-30,91.208,91.459999,90.786003,91.213997,91.213997,0,91.3885005,91.08328571428571,0.27233758236860867,91.62796087902292,90.5386105495485
2023-12-01,90.682999,90.879997,90.167999,90.651001,90.651001,0,90.932499,91.05828642857144,0.3058605019031191,91.67000743237767,90.4465654247652
2023-12-04,89.747002,90.788002,89.747002,89.747002,89.747002,0,90.1990015,90.89600057142857,0.5867551385982326,92.06951084862504,89.7224902942321
2023-12-05,90.321999,90.364998,89.807999,90.302002,90.302002,0,90.024502,90.82442928571429,0.6290227600585823,92.08247480583145,89.56638376559712
2023-12-06,89.860001,89.947998,89.716003,89.862,89.862,0,90.08200099999999,90.64785785714285,0.7079553545953938,92.06376856633364,89.23194714795207
2023-12-07,89.555,89.906998,89.545998,89.667,89.667,0,89.7645,90.42942942857144,0.7455256846872751,91.92048079794598,88.93837805919689
2023-12-08,89.879997,89.954002,89.472,89.872002,89.872002,0,89.76950099999999,90.1878577142857,0.5703927092077692,91.32864313270123,89.04707229587017
2023-12-11,88.9095,89.9505,88.9095,88.9095,88.9095,0,89.390751,89.85864385714285,0.5438522045169525,90.94634826617676,88.77093944810895
2023-12-12,89.629997,90.121002,89.625999,89.629997,89.629997,0,89.26974849999999,89.71278614285714,0.4183657801246219,90.54951770310639,88.87605458260789
2023-12-13,89.963997,90.033997,89.796997,89.968002,89.968002,0,89.79899950000001,89.74435757142858,0.42956696781343257,90.60349150705545,88.88522363580171
2023-12-14,90.57,91.57,90.544998,90.556999,90.556999,0,90.2625005,89.78078571428571,0.4911375222528951,90.7630607587915,88.79851066977993
2023-12-15,91.487999,91.581001,90.433998,91.487,91.487,0,91.02199949999999,90.01292857142857,0.8139037289817653,91.6407360293921,88.38512111346505
2023-12-18,90.041397,90.782997,90.041397,90.041397,90.041397,0,90.76419849999999,90.06641385714285,0.7995576719538623,91.66552920105057,88.46729851323512
2023-12-19,90.670998,91.213997,90.650002,90.674004,90.674004,0,90.35770049999999,90.18098557142856,0.8241397426185818,91.82926505666573,88.5327060861914
2023-12-20,91.141998,91.196999,90.896004,91.149002,91.149002,0,90.911503,90.50091442857142,0.6682236183075909,91.8373616651866,89.16446719195623
2023-12-21,90.959,91.477997,90.924004,90.959,90.959,0,91.054001,90.69077200000001,0.5594879751083204,91.80974795021665,89.57179604978337
2023-12-22,91.323997,91.685997,91.323997,91.317001,91.317001,0,91.1380005,90.88348614285714,0.497988598812884,91.8794633404829,89.88750894523137
2023-12-25,90.670197,91.514999,90.670197,90.670197,90.670197,0,90.993599,90.8996572857143,0.48734377501347254,91.87434483574124,89.92496973568736
2023-12-26,90.670197,91.514999,90.670197,90.670197,90.670197,0,90.670197,90.78297114285714,0.41581139502938996,91.61459393291591,89.95134835279836
2023-12-27,90.670197,92.522003,90.670197,90.670197,90.670197,0,90.670197,90.87279971428572,0.27193635580355524,91.41667242589283,90.32892700267861
2023-12-28,92.415001,92.578003,92.008003,92.415001,92.415001,0,91.542599,91.1215135714286,0.6257730259637042,92.373059623356,89.86996751950119
2023-12-29,91.954002,92.123001,91.846001,91.897003,91.897003,0,92.156002,91.22837085714286,0.6916466057763624,92.61166406869559,89.84507764559014
2024-01-01,91.141998,91.141998,91.141998,91.790001,91.790001,0,91.843502,91.3470852857143,0.708809578744809,92.76470444320393,89.92946612822468
2024-01-02,91.141998,91.911003,91.060997,91.141998,91.141998,0,91.46599950000001,91.32208485714285,0.7131206880133484,92.74832623316955,89.89584348111616
2024-01-03,91.061996,91.309998,90.725998,91.057999,91.057999,0,91.0999985,91.37748514285714,0.6676508461373846,92.71278683513191,90.04218345058237
2024-01-04,90.894997,91.226997,90.860001,90.980003,90.980003,0,91.019001,91.42174314285715,0.6216336081921304,92.6650103592414,90.1784759264729
2024-01-05,91.046997,91.291,90.455002,91.036003,91.036003,0,91.008003,91.47400114285713,0.5602719012562579,92.59454494536965,90.35345734034462
2024-01-08,89.755699,91.084,89.755699,89.755699,89.755699,0,90.395851,91.09410085714285,0.7000285176843057,92.49415789251145,89.69404382177424
2024-01-09,90.859001,91.002998,90.621002,90.858002,90.858002,0,90.3068505,90.94567214285715,0.6051326011979662,92.15593734525308,89.73540694046122
2024-01-10,90.844002,90.988998,90.667999,90.803001,90.803001,0,90.8305015,90.80467214285714,0.47704116282833786,91.75875446851381,89.85058981720047
2024-01-11,91.027,91.150002,90.732002,91.041,91.041,0,90.9220005,90.79024385714285,0.4665501974349728,91.7233442520128,89.85714346227292
2024-01-12,91.158997,91.189003,90.620003,91.143997,91.143997,0,91.0924985,90.80252928571429,0.4758162228613494,91.75416173143698,89.85089683999159
2024-01-15,89.785103,90.717003,89.785103,90.663002,90.663002,0,90.90349950000001,90.75724342857143,0.4711726063458634,91.69958864126315,89.81489821587971
2024-01-16,90.638,90.640999,90.218002,90.648003,90.648003,0,90.65550250000001,90.70181485714286,0.4554744845911901,91.61276382632525,89.79086588796048
2024-01-17,90.313004,90.412003,90.144997,90.313004,90.313004,0,90.4805035,90.78142985714285,0.27580514456214617,91.33304014626715,90.22981956801856
2024-01-18,90.348999,90.589996,90.151001,90.442001,90.442001,0,90.3775025,90.72200114285714,0.30028795014942755,91.32257704315599,90.12142524255829
2024-01-19,90.404999,90.473999,90.251999,90.386002,90.386002,0,90.41400150000001,90.66242985714287,0.32211033270233824,91.30665052254754,90.0182091917382
2024-01-22,89.437202,90.602997,89.437202,89.437202,89.437202,0,89.911602,90.43331585714286,0.5184826857420387,91.47028122862693,89.39635048565879
2024-01-23,90.306999,90.612999,89.893997,90.306,90.306,0,89.871601,90.31360199999999,0.4130713336315358,91.13974466726306,89.48745933273692
2024-01-24,90.277,90.738998,90.166,90.282997,90.282997,0,90.2944985,90.25931557142857,0.38340464954243075,91.02612487051343,89.49250627234372
2024-01-25,90.333,90.511002,89.890999,90.346001,90.346001,0,90.314499,90.21617242857143,0.3477072242353052,90.91158687704204,89.52075798010081
2024-01-26,90.091003,90.370003,89.824997,90.099998,90.099998,0,90.2229995,90.185743,0.3471407919175364,90.88002458383508,89.49146141616492
2024-01-29,89.306,90.115997,89.306,90.124001,90.124001,0,90.1119995,90.14031442857143,0.32831336726886146,90.79694116310915,89.4836876940337
2024-01-30,90.065002,90.140999,89.794998,90.025002,90.025002,0,90.0745015,90.08874300000001,0.3111953540995283,90.71113370819907,89.46635229180094
2024-01-31,90.049004,90.300003,89.663002,90.049004,90.049004,0,90.037003,90.17614328571428,0.13207140386814992,90.44028609345058,89.91200047797797
2024-02-01,89.624001,90.047997,89.386002,89.617996,89.617996,0,89.8335,90.07785700000001,0.23512457793928762,90.54810615587859,89.60760784412143
2024-02-02,90.089996,90.273003,89.438004,90.084,90.084,0,89.850998,90.04942885714286,0.21756210018123565,90.48455305750532,89.61430465678039
2024-02-05,89.218201,89.482002,89.013,89.218201,89.218201,0,89.6511005,89.88831457142858,0.34285070311396304,90.5740159776565,89.20261316520066
2024-02-06,89.121002,89.292,88.987999,89.121002,89.121002,0,89.1696015,89.748458,0.43056538645767467,90.60958877291534,88.88732722708465
2024-02-07,89.261002,89.394997,89.174004,89.261002,89.261002,0,89.191002,89.62517242857143,0.42866163702123766,90.4824957026139,88.76784915452896
2024-02-08,89.406998,89.458,89.079002,89.401001,89.401001,0,89.3310015,89.53602942857142,0.3952359245603286,90.32650127769209,88.74555757945076
2024-02-09,89.289001,89.529999,89.276001,89.278,89.278,0,89.3395005,89.425886,0.3306014386570341,90.08708887731407,88.76468312268594
2024-02-12,88.418404,89.594002,88.418404,89.444,89.444,0,89.361,89.40102942857142,0.3201251808137738,90.04127979019897,88.76077906694387
2024-02-13,89.358002,89.511002,88.843002,89.309998,89.309998,0,89.376999,89.29045771428572,0.10888524532428487,89.5082282049343,89.07268722363715
2024-02-14,88.862,89.032997,88.733002,88.862,88.862,0,89.08599899999999,89.23957185714286,0.19636928089163463,89.63231041892614,88.84683329535959
2024-02-15,88.987,89.440002,88.93,89.036003,89.036003,0,88.9490015,89.22742914285713,0.20724973537232122,89.64192861360178,88.81292967211249
2024-02-16,89.347,89.411003,89.046997,89.357002,89.357002,0,89.1965025,89.24114342857142,0.2129397935310375,89.66702301563349,88.81526384150935
